transaction_amount,transaction_type,account_age_days,num_previous_transactions,country,device_type,is_foreign_transaction,is_high_risk_country,is_anomaly
1878.9551930483387,withdrawal,2893,303,Canada,desktop,1,0,1
4754.064388985482,deposit,1503,294,US,desktop,0,0,0
3662.6497696389115,transfer,2531,143,India,desktop,0,0,0
2997.3058361432127,deposit,1977,191,Canada,desktop,0,0,0
788.5330158077583,deposit,2706,21,Canada,tablet,1,1,0
788.4126564776512,withdrawal,1207,227,India,tablet,1,1,0
299.8372247193153,deposit,694,313,Canada,desktop,0,1,0
4332.218967416927,withdrawal,41,117,US,mobile,0,0,0
3009.5639085986118,payment,1186,437,Canada,desktop,1,1,0
3543.282163202267,payment,333,302,UK,desktop,1,1,0
112.7166265360542,withdrawal,1793,142,Australia,mobile,1,1,0
4849.850162288351,payment,2860,484,US,tablet,0,1,0
4163.888777594105,transfer,72,460,UK,desktop,1,1,0
1069.572162284598,deposit,973,401,India,desktop,1,0,1
917.3065863634321,transfer,2420,39,US,tablet,0,0,0
925.1885041686347,deposit,1379,393,Australia,tablet,0,1,0
1528.1687923680931,payment,2575,355,Australia,mobile,0,0,0
2628.534593844867,transfer,2441,252,India,tablet,1,0,0
2165.4056430241576,payment,920,333,India,tablet,0,1,0
1463.233409588229,deposit,2504,207,US,tablet,0,1,0
3063.1459446646736,withdrawal,1034,210,Canada,mobile,0,0,0
706.0743646536888,withdrawal,50,115,India,tablet,0,1,0
1467.8017961907385,transfer,436,225,Canada,tablet,1,0,0
1838.1455980355215,payment,2696,134,UK,mobile,0,0,0
2285.7892212430093,payment,1044,251,Australia,tablet,1,1,1
3928.028047351138,transfer,365,219,Canada,tablet,1,0,0
1006.372172970215,withdrawal,1868,407,Australia,mobile,1,0,0
2576.029847683922,deposit,1177,443,Canada,desktop,0,0,0
2966.148698621592,transfer,2476,91,UK,mobile,1,1,0
241.78755947278864,deposit,2870,354,India,tablet,0,1,0
3041.6488109881775,withdrawal,1857,376,UK,tablet,0,1,0
860.9153771995848,payment,744,46,India,tablet,0,1,1
334.6074489965448,withdrawal,80,38,India,mobile,1,0,0
4744.9388308941325,transfer,353,142,Australia,tablet,0,1,0
4828.503845042052,payment,818,100,UK,tablet,0,1,0
4043.902767101141,transfer,170,328,Canada,mobile,0,1,0
1530.0227081751198,transfer,499,190,UK,desktop,1,1,0
497.3838488918555,withdrawal,816,35,Australia,desktop,1,0,0
3424.3228022956628,transfer,1855,147,India,tablet,1,0,0
2206.3609437606106,withdrawal,1387,30,Australia,mobile,0,0,0
618.9707918754464,payment,1946,334,US,tablet,1,1,0
2480.932781455238,withdrawal,993,84,US,mobile,0,1,0
181.5987203649398,payment,402,369,Canada,mobile,0,0,0
4547.508806373123,withdrawal,2571,281,Australia,desktop,1,1,0
1301.3121081840843,deposit,1722,424,Canada,desktop,0,1,0
3315.98619892637,deposit,2828,344,Canada,mobile,1,0,0
1565.4382696861608,transfer,1209,270,US,tablet,0,0,0
2605.139425677276,withdrawal,2368,154,Canada,desktop,1,1,0
2738.0842939229656,withdrawal,1701,102,US,tablet,0,1,0
932.42373307238,payment,135,215,India,desktop,0,1,0
4848.227292545147,transfer,1473,150,Australia,desktop,0,0,0
3877.9127885719618,withdrawal,2747,432,Canada,tablet,0,0,0
4698.099718405304,transfer,1711,83,US,desktop,0,0,0
4475.188478633968,deposit,31,110,UK,desktop,1,0,0
2993.520894267315,withdrawal,2666,435,Canada,tablet,0,1,0
4610.152432765353,withdrawal,2721,387,India,desktop,1,0,1
451.5775852390783,transfer,2167,426,India,desktop,1,0,0
987.9544834715346,withdrawal,379,275,UK,desktop,1,1,0
235.68417166358495,transfer,1316,201,US,tablet,0,1,0
1633.398350508689,withdrawal,1092,284,Canada,mobile,0,1,0
1949.4996755505151,payment,2986,468,US,tablet,0,0,0
1364.0316685517405,transfer,2236,173,India,mobile,1,1,0
4145.400170668127,withdrawal,2389,327,US,desktop,0,1,0
1790.1991002010104,deposit,474,206,India,mobile,0,0,0
1411.86320334003,withdrawal,2375,63,US,tablet,1,0,0
2718.05345495966,deposit,981,73,UK,tablet,1,1,0
713.2118826240657,deposit,65,251,Australia,desktop,1,0,0
4012.962933962658,payment,1137,124,UK,mobile,1,1,0
382.0077119620564,transfer,1505,375,UK,desktop,1,1,0
4934.565813636581,withdrawal,1828,121,Australia,desktop,1,0,0
3863.5013987903203,payment,1875,275,Australia,tablet,0,1,0
1001.5912508555203,withdrawal,1438,431,Canada,mobile,1,0,0
37.55536444677597,deposit,1225,398,Canada,mobile,0,0,0
4079.1525279896223,transfer,1429,120,UK,mobile,0,0,0
3537.2181457996094,withdrawal,1738,422,UK,mobile,0,1,0
3647.7457685245267,withdrawal,1415,437,India,desktop,1,0,0
3858.6390299628692,deposit,2636,317,India,desktop,0,0,0
379.4828121531109,withdrawal,2968,164,Canada,tablet,1,1,0
1798.7439854359204,withdrawal,2218,424,Canada,desktop,1,1,0
588.1866070303972,deposit,2964,465,India,desktop,0,1,0
4316.886095119212,payment,1330,286,India,tablet,1,1,0
3120.257652869514,deposit,2803,265,US,tablet,0,0,0
1661.1811440147194,payment,1273,320,US,tablet,0,0,0
327.1561679272579,transfer,550,161,India,desktop,1,0,0
1561.8017853611543,payment,1836,376,US,desktop,0,1,0
1632.6647769134677,payment,39,308,Australia,tablet,0,1,1
3650.73482990694,transfer,1013,89,Canada,tablet,0,0,0
3191.4117820625133,payment,2455,142,Canada,tablet,1,1,0
4437.191585455869,deposit,1686,203,India,desktop,0,1,0
2366.352476558127,payment,1690,309,UK,desktop,1,0,0
606.7752872321255,transfer,2759,227,India,mobile,1,0,0
3569.091488242745,deposit,2661,489,US,desktop,0,1,0
3806.3173925983183,transfer,2229,443,UK,desktop,0,1,0
2810.7732158717863,transfer,749,334,US,desktop,1,1,0
3857.126227973259,withdrawal,1102,222,Australia,tablet,1,0,0
2474.04002585831,withdrawal,888,41,US,desktop,0,0,0
2618.4368186161505,transfer,1346,196,Australia,tablet,0,0,0
2143.429681609163,transfer,1633,68,Australia,mobile,1,0,0
136.84144245303497,transfer,79,476,US,mobile,1,0,0
548.3782206965892,withdrawal,2741,264,US,tablet,1,1,0
166.8316365768039,withdrawal,2608,2,Australia,tablet,1,1,0
3185.687952206264,payment,2934,361,UK,tablet,1,1,0
1578.6363455708702,payment,175,125,Australia,desktop,0,0,0
2547.767748911867,transfer,944,110,Canada,mobile,1,0,0
4538.756704891204,deposit,1492,86,Australia,tablet,1,0,1
1253.968223452886,deposit,2319,425,UK,desktop,0,1,0
2057.8107859477923,withdrawal,610,120,Canada,mobile,0,0,0
3780.200181329813,withdrawal,2764,127,India,desktop,1,0,0
1151.7028458031962,withdrawal,1614,255,India,mobile,1,1,0
394.12975004567704,transfer,512,183,UK,desktop,0,0,0
1455.8597500397025,deposit,1279,16,Australia,mobile,1,1,0
814.4942233974821,payment,702,477,US,mobile,1,0,0
4649.191285189439,transfer,660,62,UK,desktop,0,0,0
4042.5206940264407,payment,2738,369,Canada,tablet,1,1,0
3170.684744987013,payment,691,432,Canada,mobile,0,1,0
4358.588345036711,transfer,2882,158,India,tablet,0,1,0
4020.3236637265813,payment,2496,268,Canada,desktop,0,1,0
940.9845938413189,deposit,1017,35,UK,tablet,0,1,0
4463.869402464989,payment,1576,267,Canada,tablet,1,1,0
2701.317787159097,deposit,679,64,UK,tablet,0,0,0
4039.126374268672,deposit,998,494,US,tablet,1,0,1
4481.495586618231,deposit,2667,50,India,tablet,1,1,0
1596.8373401096007,withdrawal,1130,469,Canada,mobile,1,0,0
559.159103393107,payment,2586,255,UK,mobile,1,1,0
1147.396461084289,transfer,470,149,Australia,mobile,1,0,0
2141.267865245019,transfer,950,325,India,desktop,0,1,0
4091.8936819532405,payment,799,304,US,tablet,0,0,0
4305.045610449154,withdrawal,1373,276,UK,mobile,0,0,0
44.69113135064161,withdrawal,1856,357,US,desktop,0,0,0
2558.629039862053,deposit,292,451,US,mobile,1,0,0
2092.880905712407,payment,1607,172,Canada,mobile,0,0,0
1118.317974248944,payment,2714,417,Canada,tablet,1,1,0
608.1281829950772,transfer,2536,201,UK,desktop,1,1,0
1694.6997053041034,payment,1028,445,Australia,tablet,0,1,0
4715.11942252347,withdrawal,729,393,UK,tablet,0,0,0
1622.7826307835685,payment,2379,324,Australia,mobile,0,1,0
2598.7652024993968,transfer,1633,35,US,tablet,0,0,1
3518.0646048869376,deposit,1271,465,India,desktop,1,0,0
1824.5117158726769,transfer,1155,482,UK,tablet,1,0,0
4859.192592777594,transfer,2631,216,UK,tablet,0,1,0
4812.612001761135,deposit,2365,480,Australia,tablet,1,0,0
1266.393656168567,transfer,1220,65,US,mobile,1,1,0
2491.2700444030033,transfer,2698,8,US,desktop,1,1,0
1511.3827659856806,payment,1035,301,Australia,mobile,0,0,0
1431.3540669435633,payment,65,343,US,mobile,1,0,0
194.06586729911865,deposit,773,431,Canada,mobile,0,1,0
3051.726026559685,payment,1794,424,India,mobile,0,1,0
2518.368325912019,payment,382,332,UK,mobile,1,1,0
266.8789687374469,transfer,1952,438,India,desktop,1,1,0
1400.445856540691,withdrawal,102,76,UK,tablet,0,1,0
4542.246770973602,payment,2725,174,Canada,mobile,1,1,0
1205.4138344281923,withdrawal,1406,47,US,mobile,1,0,1
733.0254117352032,payment,1944,15,Australia,desktop,0,1,0
2452.3692737850392,payment,1123,361,Canada,desktop,0,1,0
4928.395766011898,deposit,2502,147,India,tablet,0,1,0
1217.855804842387,deposit,737,26,Australia,desktop,0,1,0
3363.956381555334,deposit,1834,308,US,tablet,1,0,0
3810.4818804903007,withdrawal,2638,93,Canada,mobile,1,0,0
1195.8113445220743,transfer,2905,406,Australia,mobile,0,1,0
3643.7995795731795,payment,985,232,Canada,tablet,0,1,0
1845.2378322690736,payment,2594,21,Canada,desktop,0,1,0
3165.2060946619617,payment,2505,307,US,tablet,1,0,0
3171.3132566968648,withdrawal,189,38,UK,desktop,0,0,0
2683.5156735330447,deposit,2226,276,Australia,mobile,1,0,0
460.5459525714974,transfer,2853,157,US,desktop,0,0,0
4178.159452990298,withdrawal,1765,179,Canada,tablet,0,0,0
1610.692524208962,deposit,1615,132,US,tablet,0,0,0
940.7273668952727,withdrawal,96,311,UK,mobile,1,1,0
213.46795635827195,transfer,2458,455,Australia,desktop,1,0,0
2958.5557865093265,deposit,87,348,UK,desktop,1,0,0
3391.0461655929894,withdrawal,371,28,India,desktop,0,1,0
92.7732663500022,transfer,1183,260,Australia,mobile,1,0,0
2565.344360913412,payment,2804,406,UK,desktop,1,1,0
1140.2139182377105,transfer,1225,76,Canada,tablet,0,0,0
3229.4122241431546,payment,2847,429,Australia,desktop,0,1,0
880.0884807349073,withdrawal,2691,67,Australia,mobile,1,1,0
3457.779313131305,deposit,1262,342,US,desktop,1,1,0
1939.8093780396816,deposit,2431,492,Canada,desktop,1,1,0
4684.282643796305,withdrawal,1524,194,India,tablet,1,1,0
696.2295112885063,deposit,1851,472,UK,desktop,0,0,0
1711.92109174079,deposit,145,162,US,tablet,0,0,0
576.2328709905395,payment,691,347,UK,tablet,0,1,0
4624.221155210028,withdrawal,1495,439,India,mobile,1,1,0
4387.923373371095,transfer,2530,361,India,tablet,1,1,1
1297.1287222986264,payment,1898,257,Australia,tablet,0,0,0
3303.3203897105536,withdrawal,2364,72,India,mobile,0,1,0
4087.938779004067,payment,1046,87,UK,tablet,1,1,0
2780.452049881317,transfer,340,422,Canada,mobile,1,1,0
2652.9563859964724,transfer,237,262,Canada,desktop,0,1,0
1216.842931593254,withdrawal,2695,214,Australia,mobile,0,0,0
474.58281135143704,transfer,2523,153,UK,tablet,0,1,0
4487.1066321871,payment,2747,210,UK,mobile,1,1,0
4503.086105245019,transfer,662,401,India,tablet,1,0,0
3169.176271793607,payment,2132,61,UK,desktop,1,1,0
1701.7586573330163,payment,2989,268,US,mobile,1,1,0
1752.555777317178,transfer,686,262,India,desktop,1,0,0
3632.5188375624944,withdrawal,1453,218,US,tablet,1,0,0
4486.58019716336,deposit,1961,283,Australia,tablet,0,0,0
4436.561257082935,transfer,2592,136,Canada,desktop,0,1,0
3901.578973829543,payment,1709,467,Australia,mobile,1,1,0
3213.737914309896,payment,266,380,Canada,mobile,0,0,0
429.8584253252937,transfer,377,362,Australia,tablet,1,0,0
816.5272833321227,withdrawal,2704,449,UK,desktop,0,0,0
4493.7854007501255,withdrawal,659,441,US,desktop,1,1,0
3036.081007701354,payment,1570,93,Canada,mobile,0,1,0
55.89328756698194,payment,2033,109,India,mobile,0,0,0
516.3429989015002,withdrawal,1301,241,US,mobile,1,1,0
3320.8738278491983,deposit,393,355,India,desktop,1,0,0
35.25730339263124,transfer,2398,424,US,mobile,0,1,0
812.4321765733183,payment,315,142,US,mobile,0,1,0
2748.1816089392646,payment,178,291,Australia,tablet,1,1,0
3462.5570364865393,withdrawal,1137,432,Canada,mobile,0,1,0
3263.286684917977,transfer,2483,237,Canada,mobile,1,0,0
1129.1038542081933,withdrawal,485,340,US,desktop,1,1,0
3563.774314524204,transfer,1796,312,UK,desktop,0,1,0
1193.8729466090324,transfer,829,177,UK,tablet,1,0,0
1633.744493814746,transfer,1214,141,India,mobile,0,1,0
3734.9921115389407,payment,1042,189,India,tablet,0,0,0
3251.6681662456012,deposit,2861,486,Australia,desktop,1,0,0
4247.624818365948,withdrawal,2537,49,US,tablet,0,1,0
3291.488332578713,deposit,1553,302,India,desktop,1,1,0
2845.8599306440033,withdrawal,2815,369,India,tablet,1,0,0
477.43709146218146,transfer,2586,190,US,tablet,1,0,0
1844.9018572665732,payment,510,136,Australia,mobile,0,0,0
1333.35981473181,deposit,1716,43,India,tablet,1,1,0
1227.5083204616271,payment,2191,404,Australia,mobile,0,0,0
4865.322668214703,withdrawal,2826,380,Canada,mobile,1,0,0
1971.5576460871343,payment,1631,353,Australia,mobile,1,0,0
4461.312310333796,payment,2438,90,UK,mobile,1,1,0
3159.381743726342,deposit,370,295,UK,tablet,0,0,0
3976.1084046728256,transfer,2847,341,Australia,desktop,0,1,0
2518.1590945949088,payment,2040,245,UK,desktop,1,1,0
2888.750384285532,transfer,2838,433,Canada,desktop,1,0,0
2467.663292156131,withdrawal,2526,192,US,tablet,0,1,0
984.262509112242,payment,1896,318,UK,mobile,0,0,0
3615.0360551549115,deposit,864,106,UK,desktop,0,1,0
1411.0540885798705,withdrawal,1233,363,Australia,tablet,1,1,0
131.33667249295468,withdrawal,1755,310,Canada,mobile,0,0,0
3230.9067565767673,deposit,1719,382,US,desktop,1,0,0
893.7822902411742,payment,340,233,Australia,mobile,0,0,0
4702.888335921042,payment,291,265,Australia,desktop,1,1,0
4770.103599242911,withdrawal,1472,344,Canada,desktop,1,1,0
4575.173307200038,payment,435,37,US,desktop,1,0,0
1857.0919142746675,transfer,2220,305,Canada,mobile,0,0,0
87.12851647904847,deposit,371,41,US,tablet,0,1,0
4642.309627312749,transfer,1369,17,Canada,mobile,0,1,0
2146.6389001033986,payment,273,344,Australia,desktop,1,1,0
4833.607547027911,withdrawal,519,277,Australia,mobile,1,0,0
4818.463685675371,deposit,41,307,India,tablet,0,1,0
4266.517182782127,payment,590,59,UK,mobile,1,0,0
1479.2999714272325,payment,71,423,Canada,tablet,1,1,0
1931.6376657236071,withdrawal,2755,183,India,tablet,1,1,0
4257.171990869116,withdrawal,623,41,UK,mobile,0,0,0
1591.4408057298256,transfer,1482,39,Canada,desktop,1,0,0
855.7688059636015,deposit,1856,397,US,tablet,0,0,0
2788.4382996671675,deposit,1723,192,UK,mobile,0,1,0
4681.412323062297,withdrawal,163,267,Australia,tablet,0,1,0
3483.1886854081154,transfer,977,494,India,desktop,0,1,0
2854.6052387459313,deposit,102,147,UK,mobile,0,0,0
494.910703916135,withdrawal,428,395,UK,mobile,1,1,0
3078.886061228857,payment,1458,333,Australia,mobile,0,0,0
4950.368712020274,deposit,2655,127,Canada,desktop,0,0,0
709.0192360302549,transfer,2936,46,US,tablet,0,0,0
2596.464965295046,transfer,159,45,Australia,mobile,1,1,0
4388.091628920498,transfer,1841,1,US,tablet,1,1,0
3706.4354025934804,payment,2031,168,Canada,tablet,1,0,1
3488.108547566387,deposit,295,108,UK,desktop,1,1,0
3515.395579095675,deposit,1590,19,US,mobile,0,0,0
1803.8608445865782,payment,2015,332,India,tablet,0,0,0
1475.0233028798218,deposit,822,72,India,mobile,1,1,0
4048.712165837783,payment,2330,456,Australia,mobile,1,0,0
4052.465839449112,payment,2899,445,Canada,desktop,1,0,0
4336.690869714717,payment,1342,109,Australia,mobile,1,1,0
4567.070357256792,transfer,193,268,Australia,mobile,0,0,0
2561.5985703160795,deposit,124,445,Australia,tablet,1,0,0
2512.566310489126,payment,1835,240,India,desktop,1,0,0
3993.492943044208,deposit,2910,417,India,mobile,1,0,0
3253.3200145810483,transfer,1163,301,Australia,tablet,1,0,0
3512.8147175159397,payment,2413,90,India,desktop,1,0,0
3981.0054204861444,withdrawal,851,103,Canada,desktop,1,0,0
4451.1266556696555,transfer,267,476,Australia,tablet,1,1,0
1696.5958326891637,withdrawal,2458,250,India,tablet,0,1,0
1884.1589336733207,deposit,2976,453,US,tablet,0,0,0
478.96987980593633,deposit,2560,8,Australia,tablet,0,0,0
2895.6179035709083,transfer,1990,153,Australia,tablet,0,1,0
189.35194624574302,deposit,2979,347,Canada,mobile,0,1,0
2333.334110480976,withdrawal,1078,174,UK,mobile,0,1,0
2717.7967271908074,payment,1706,343,UK,desktop,1,1,0
1439.8408481201393,payment,2559,158,Canada,mobile,1,1,0
2958.2579702393637,payment,2994,493,Canada,mobile,0,0,0
162.19624719585664,transfer,993,431,Canada,mobile,1,1,0
196.36746185857993,deposit,566,215,UK,tablet,0,1,0
4114.776797691695,withdrawal,1633,177,Canada,desktop,1,1,0
1807.3513006422017,deposit,2009,175,India,desktop,1,0,0
644.0319581329051,deposit,157,340,Australia,desktop,1,0,0
2615.9938676734737,deposit,121,338,Australia,desktop,1,0,0
3852.267829962068,payment,572,146,US,mobile,1,0,0
1086.9469272092474,withdrawal,875,450,US,mobile,1,0,0
3118.2234743368113,withdrawal,1711,324,Australia,tablet,0,0,0
435.8838503189023,deposit,1881,478,India,desktop,0,1,0
267.8917886313524,payment,2524,161,UK,mobile,1,0,0
2661.4596115250583,payment,419,127,UK,mobile,0,0,0
2707.7692568344314,withdrawal,2749,420,India,tablet,1,1,0
3190.775208476051,payment,1914,82,UK,tablet,0,0,0
3633.195755276081,payment,72,485,Canada,tablet,1,1,1
4879.5018765180475,payment,283,147,Australia,mobile,0,1,0
2586.3387380229647,transfer,1113,239,Australia,mobile,1,0,0
1621.5527999768174,deposit,2740,412,India,tablet,0,1,0
3977.9791118958315,withdrawal,2544,424,UK,desktop,1,1,0
1361.4529337977503,withdrawal,2364,84,US,tablet,0,1,0
2200.4673893211243,transfer,1570,113,US,tablet,1,1,0
401.4973428979071,deposit,1983,225,UK,tablet,1,0,0
136.50020964313296,withdrawal,2855,332,US,tablet,1,1,0
4813.615589242846,payment,2422,378,India,mobile,0,0,1
4181.540801355907,withdrawal,671,243,India,desktop,0,1,0
3482.911288407553,payment,2459,143,UK,tablet,0,1,0
2050.675192627207,transfer,719,41,US,desktop,1,1,0
874.7386571535204,payment,1306,423,India,desktop,0,0,0
790.6208429287194,withdrawal,1980,258,India,desktop,1,0,0
1258.7120618413308,withdrawal,1109,447,Canada,tablet,0,0,0
2750.6410568835413,withdrawal,1516,285,Canada,mobile,0,1,0
3575.833654273311,transfer,486,105,India,tablet,0,1,0
3304.384909821479,transfer,1012,202,UK,desktop,0,1,0
1406.8701457602547,deposit,2160,450,Australia,desktop,1,1,0
4774.777750509338,withdrawal,1152,307,Australia,mobile,0,0,0
3692.105614311885,payment,178,331,India,tablet,0,1,0
2776.2267220318895,transfer,1382,461,India,desktop,1,0,0
3062.4865237094177,withdrawal,1209,266,India,mobile,1,1,0
2103.8043115146716,withdrawal,219,398,UK,desktop,0,0,0
1246.1776376107757,transfer,912,210,Canada,mobile,0,0,0
1786.3036664697954,deposit,2340,51,India,mobile,1,1,0
3791.652091217202,transfer,429,118,India,tablet,1,1,0
81.82350826248178,transfer,2841,201,US,desktop,1,0,0
589.202476129512,payment,638,377,UK,tablet,0,1,0
239.55318368854623,payment,1825,39,India,desktop,0,1,0
213.23672357166097,deposit,1668,28,US,tablet,0,0,0
4278.748314214926,withdrawal,1605,259,Australia,desktop,1,0,0
3521.252718306318,transfer,2862,84,India,tablet,1,0,0
2376.127407145753,deposit,2178,454,India,mobile,1,0,0
498.1924616484974,payment,1412,155,US,desktop,0,1,0
2463.1632168329934,transfer,1433,117,UK,desktop,1,0,0
2372.624136195023,withdrawal,849,2,India,mobile,0,0,0
874.2773308509758,payment,849,93,Australia,tablet,1,0,0
2174.9197296974853,payment,449,166,India,desktop,0,1,0
1998.5386246428934,payment,153,387,Australia,desktop,0,0,0
3083.09198928056,deposit,451,400,Canada,tablet,1,1,0
3179.1173178295426,withdrawal,1538,350,Canada,mobile,0,0,0
236.06700876250216,transfer,1627,296,Australia,tablet,1,0,0
1879.3169469860914,deposit,797,258,UK,tablet,0,1,0
3133.0409794140396,deposit,2074,81,India,tablet,1,0,0
2520.6499303146375,deposit,2560,425,India,desktop,1,0,0
4283.884307529728,payment,2596,268,Canada,mobile,0,1,0
3296.8812217785357,withdrawal,2232,419,Australia,mobile,1,0,0
823.0427911363341,deposit,2169,235,India,tablet,0,0,0
362.1380495281449,transfer,1579,321,India,desktop,1,0,0
3215.672198249515,withdrawal,2532,311,UK,tablet,1,0,0
142.29143960269286,transfer,1794,301,US,desktop,1,1,0
2933.020150554582,withdrawal,2074,463,Canada,desktop,1,0,0
4701.748904710538,transfer,2675,474,Canada,desktop,0,1,0
2881.616147600636,payment,539,357,US,desktop,1,0,0
1946.9679317705443,deposit,1236,213,India,mobile,1,1,0
3220.0082100273426,transfer,415,62,UK,desktop,0,0,0
2296.681923552668,withdrawal,1627,49,UK,desktop,0,1,0
2732.6277786865153,deposit,2482,127,Canada,tablet,0,0,1
4707.909395794861,deposit,2323,223,UK,tablet,0,1,0
1936.6521626258634,withdrawal,771,409,US,mobile,0,1,0
4806.340913481332,transfer,2738,279,India,tablet,0,0,0
4527.699703360758,payment,2727,408,US,desktop,1,1,0
986.9977625985892,payment,1941,294,Australia,tablet,0,0,0
356.11289136707563,transfer,1476,284,Canada,mobile,1,0,0
512.8822268733591,deposit,930,277,UK,tablet,0,0,0
100.92691000123314,deposit,2142,438,Australia,tablet,1,0,0
481.2703741720827,deposit,2290,107,UK,mobile,1,0,0
3418.2037993476206,deposit,2039,146,India,mobile,1,1,0
365.23135581654265,transfer,271,420,India,desktop,0,0,0
1601.688395165869,deposit,2570,99,India,tablet,0,0,0
4225.927801737578,withdrawal,2415,429,UK,desktop,0,0,0
126.12695932177107,deposit,2050,375,Australia,tablet,0,0,0
4074.1977281187897,payment,202,73,India,tablet,1,0,0
1416.4553261192657,deposit,701,437,Australia,desktop,0,0,0
599.6424898320647,transfer,193,486,UK,tablet,1,1,0
3486.7184551671116,payment,494,122,Australia,tablet,1,1,0
3148.4248054316213,transfer,526,30,UK,tablet,0,0,0
4388.585347499994,transfer,729,188,UK,mobile,0,1,0
3678.00450858139,payment,2472,364,Canada,desktop,0,0,1
4019.3698426203946,transfer,732,354,UK,mobile,1,0,0
1417.3525171308193,transfer,1970,288,UK,desktop,0,0,0
895.4233234608168,deposit,2385,451,US,desktop,1,0,0
3755.567610687883,withdrawal,1821,195,India,tablet,0,0,0
4036.1053489436476,transfer,212,156,Canada,desktop,1,1,0
4952.62065858336,transfer,658,172,Canada,mobile,0,1,0
2068.962207788018,transfer,2587,335,Canada,mobile,0,1,0
1866.370248105988,deposit,1761,41,US,mobile,1,1,0
3884.3006741025642,withdrawal,575,63,UK,desktop,0,0,0
1710.609665862559,payment,1617,23,India,mobile,0,1,0
4654.479054761788,deposit,653,360,Australia,desktop,0,0,0
4293.4796316966285,deposit,623,75,UK,mobile,0,1,1
2150.680196601342,withdrawal,773,48,US,mobile,0,1,0
3756.846628279572,withdrawal,1798,160,UK,desktop,0,1,0
3775.1689416825648,deposit,1489,313,UK,mobile,0,1,0
524.5881054913037,payment,1978,118,US,tablet,1,0,0
4513.739004331038,deposit,2631,100,Canada,desktop,1,1,0
2531.2093385148073,withdrawal,2098,380,Canada,desktop,0,1,0
4134.0227558776305,payment,2631,417,India,desktop,0,0,0
1607.0475091427527,withdrawal,2474,408,India,tablet,0,0,0
4478.66091019604,payment,2702,167,Canada,desktop,1,1,0
1952.116376883474,transfer,134,290,Australia,mobile,1,0,0
64.07988088668881,withdrawal,2269,440,UK,mobile,0,0,0
4527.8560623321255,withdrawal,46,156,Australia,mobile,1,0,0
465.52051716280647,deposit,422,421,UK,desktop,0,1,0
1603.37505157617,withdrawal,454,7,Canada,mobile,0,0,0
4750.809215583517,withdrawal,2206,196,India,desktop,0,1,0
4753.529663218405,transfer,601,421,India,mobile,0,1,0
2871.455061735198,withdrawal,2106,56,Australia,tablet,1,1,0
3162.867688727298,transfer,1150,321,India,tablet,1,1,0
2247.743154671816,transfer,271,193,Canada,tablet,0,0,0
1473.121750773342,transfer,2309,47,Australia,tablet,1,1,0
1650.0360813958807,transfer,818,148,UK,desktop,1,0,0
3365.8670958244215,payment,744,275,India,mobile,0,1,0
3764.348901894023,deposit,788,157,US,tablet,1,0,0
3959.979428191984,payment,2879,202,India,desktop,0,1,0
3950.1945325448237,withdrawal,805,444,UK,tablet,0,0,0
465.11845421296493,payment,2803,402,Australia,tablet,0,1,0
2477.1573204658816,payment,2277,476,UK,desktop,0,1,0
297.21821248305497,withdrawal,108,419,US,desktop,1,0,0
2752.1491227954402,withdrawal,885,427,Canada,mobile,0,1,1
2213.2372018531514,withdrawal,2544,495,India,mobile,1,1,0
4439.643871963915,payment,2658,479,Australia,tablet,0,1,0
1761.0659126348726,payment,1469,475,Canada,tablet,0,0,0
594.1644119737532,withdrawal,2526,126,UK,mobile,1,1,0
723.528493443651,deposit,2164,395,Australia,mobile,0,1,0
3809.9380522701863,deposit,2178,305,Canada,desktop,1,0,0
3094.908135948143,transfer,1061,369,Australia,mobile,1,0,0
514.6021538527234,withdrawal,874,294,US,mobile,0,0,0
429.6929625138372,transfer,116,64,US,tablet,0,0,0
3507.835965981009,deposit,2120,325,India,mobile,0,0,0
373.0874017573257,transfer,437,392,India,tablet,0,1,0
4111.0816958588775,withdrawal,2741,418,US,mobile,0,1,0
3534.148713510916,withdrawal,1698,176,Australia,desktop,0,1,1
415.93041540307985,withdrawal,177,116,US,mobile,1,0,1
433.34019328510766,payment,2354,440,India,mobile,1,1,0
4933.331496720865,transfer,261,204,US,mobile,0,0,0
1877.6112708230405,deposit,1980,486,US,tablet,1,0,0
1859.5043138637857,deposit,395,321,Australia,desktop,1,1,0
4065.869840614938,deposit,1704,31,Canada,mobile,0,0,0
4736.770401145455,payment,465,388,India,tablet,0,0,0
4930.145308476126,payment,428,113,Australia,desktop,1,1,0
3769.3571444421186,withdrawal,1264,365,US,tablet,0,0,0
1887.5353317992697,deposit,1444,434,US,tablet,1,0,0
426.66857632635714,payment,2576,325,Canada,desktop,0,1,0
3887.9631104779096,withdrawal,2617,414,India,mobile,1,0,0
2796.437206181667,deposit,592,376,India,tablet,1,0,0
2126.8678261424116,transfer,2519,344,UK,tablet,1,1,0
4532.708381622732,withdrawal,1314,443,India,mobile,1,1,0
564.8754367076951,payment,802,67,Canada,mobile,0,1,0
2468.1992704113873,payment,2427,75,UK,desktop,0,1,0
66.65468738942116,withdrawal,2067,45,UK,desktop,1,0,0
2348.61660355069,withdrawal,2597,260,US,desktop,1,0,0
290.9533456523684,payment,1373,154,US,mobile,0,1,0
602.9014021776788,transfer,2215,155,India,tablet,0,0,0
596.4559714177534,deposit,1603,430,UK,tablet,1,0,0
3249.559407559157,transfer,1021,363,US,desktop,1,1,0
3732.763947534462,withdrawal,2445,448,Canada,mobile,1,1,0
2921.0101378348263,transfer,1276,475,US,tablet,1,0,0
4811.241016887964,payment,389,234,US,desktop,1,1,0
1880.6041918232834,withdrawal,950,51,UK,tablet,0,1,0
1435.703310546485,deposit,2406,306,UK,tablet,1,1,0
4344.309649665407,payment,2540,262,Australia,mobile,0,0,0
1125.7432342120687,payment,992,315,Canada,mobile,0,1,0
4816.480471808651,deposit,1857,125,UK,tablet,0,0,0
70.65082870218355,deposit,2913,399,India,desktop,1,0,0
4849.695345271119,transfer,1643,245,Canada,mobile,0,0,0
225.3679606333748,withdrawal,1670,30,Canada,tablet,0,1,1
4456.804137353375,deposit,2246,426,UK,mobile,0,1,0
2643.228534340636,deposit,246,485,Canada,mobile,0,1,0
4964.894332635308,withdrawal,407,122,UK,mobile,1,1,1
378.24485802964034,deposit,148,125,US,tablet,1,1,1
2773.7328791625905,deposit,219,37,Australia,desktop,0,0,0
4846.819652739304,transfer,2844,170,US,desktop,0,0,0
2620.2582424090424,payment,399,124,UK,desktop,1,0,0
3150.69920429496,payment,1831,357,UK,mobile,1,1,0
3481.7859580332397,payment,2226,35,US,tablet,1,0,0
2278.1599131911885,payment,681,87,India,mobile,0,0,0
3141.5148196194764,deposit,1912,134,India,desktop,1,1,0
2925.7284164962703,withdrawal,1541,196,India,desktop,0,1,0
4506.778472350035,withdrawal,799,274,UK,tablet,0,0,0
236.77743790387478,transfer,2451,201,Canada,mobile,1,0,0
1412.0063160652294,transfer,810,369,UK,desktop,0,1,0
4752.553305542028,deposit,1746,285,Canada,tablet,1,1,0
4452.416281615672,withdrawal,2237,77,US,mobile,0,1,0
2283.7271964007077,withdrawal,2428,59,Australia,mobile,1,1,0
3104.461663029668,payment,1341,431,Canada,desktop,0,0,0
1394.132103075852,deposit,2969,126,India,desktop,0,0,0
948.7245870215689,deposit,1279,401,UK,mobile,1,1,0
2323.855040650511,payment,552,109,US,mobile,1,0,0
1773.2276178500035,deposit,551,224,India,desktop,1,0,0
2922.4439981358514,deposit,812,496,US,mobile,1,1,0
397.8958384552743,transfer,2350,278,Australia,desktop,0,0,0
4872.230090254171,withdrawal,965,68,UK,mobile,1,0,0
4931.191614953218,deposit,2260,69,UK,desktop,1,0,0
3493.826952958528,transfer,1718,165,Australia,tablet,0,1,0
2685.120868057161,withdrawal,517,489,UK,desktop,1,1,1
1554.5428052687755,payment,1880,305,Canada,desktop,1,0,0
4070.837148337674,transfer,875,397,US,tablet,0,1,0
3426.8085510438577,transfer,2201,162,India,mobile,1,1,0
821.4585273310075,withdrawal,2867,365,Australia,tablet,1,1,0
4555.526650624274,payment,2491,342,Canada,desktop,1,0,1
4114.460842186613,transfer,2033,309,India,mobile,1,0,0
4749.501567326701,deposit,1778,379,India,tablet,1,1,0
3631.3403468579163,deposit,715,343,Australia,mobile,1,0,0
3070.9418277195914,deposit,2190,435,Canada,mobile,0,0,0
2097.032751090188,payment,2965,387,India,tablet,1,0,0
4664.315131936526,transfer,2199,42,India,mobile,0,0,0
4331.658808607038,deposit,1597,354,Canada,tablet,0,0,0
235.64116382988513,payment,1275,416,UK,desktop,0,1,0
141.5712027412875,deposit,68,109,India,mobile,0,0,0
1888.5522007214674,withdrawal,2574,51,US,desktop,1,0,1
4054.6611206013463,transfer,809,250,Canada,desktop,1,0,0
4936.507885281573,transfer,1286,497,India,mobile,1,1,0
760.5802866066057,payment,2226,341,Australia,tablet,0,1,0
2974.712269607154,payment,2738,430,US,mobile,1,1,0
1910.6453745887973,transfer,1957,383,India,desktop,1,0,0
4849.87284509487,deposit,331,492,US,desktop,1,1,0
4212.173426447186,deposit,2315,21,US,tablet,0,1,0
4193.260236508578,withdrawal,676,300,UK,mobile,0,1,0
2348.778867376902,deposit,692,139,US,desktop,1,1,0
2079.949316664949,payment,2313,359,UK,desktop,0,0,0
1374.3012889342242,payment,1789,324,Canada,desktop,0,1,0
291.3137282881263,deposit,2280,499,UK,tablet,1,1,0
4324.964657512715,payment,285,385,Australia,desktop,0,0,0
4066.376035559087,transfer,627,92,India,desktop,0,0,1
4998.591189697791,transfer,691,447,Canada,mobile,1,1,0
4983.217816998788,deposit,264,280,Canada,mobile,0,0,0
2781.604210957111,transfer,1398,125,Australia,desktop,0,1,0
3847.2472017507475,transfer,2611,483,UK,desktop,0,0,0
4724.380992113316,withdrawal,2937,397,India,mobile,0,0,0
4249.740479480283,withdrawal,799,111,UK,tablet,0,1,0
1244.2670276985564,transfer,2618,354,US,tablet,0,0,0
2258.215235197367,deposit,242,139,UK,tablet,0,1,0
654.50548160596,withdrawal,492,484,Canada,tablet,0,0,0
4770.714626021025,payment,2513,435,India,tablet,1,1,0
3034.8114259098916,payment,312,273,UK,tablet,1,0,0
1150.927599462279,payment,1516,99,India,tablet,1,0,0
3361.786415185225,deposit,1460,252,India,tablet,1,0,0
3094.4599198849,transfer,117,338,US,mobile,0,0,0
1797.2319629838742,payment,1097,104,US,tablet,1,0,0
576.6523850761488,deposit,490,214,Canada,tablet,1,1,0
3361.15024600807,withdrawal,2355,249,Australia,tablet,0,0,0
2606.3354275099286,transfer,2498,152,India,desktop,0,1,0
3863.86877476084,withdrawal,1754,250,Australia,mobile,0,1,0
2605.615870548847,deposit,1406,275,Canada,mobile,0,1,0
4262.385686589515,payment,2773,165,India,mobile,0,0,0
2764.015125484683,payment,544,487,India,tablet,1,1,0
2809.0804779615773,deposit,732,341,Australia,tablet,0,0,0
4384.501477265142,payment,1683,8,UK,desktop,1,1,0
2023.3795023998612,transfer,2096,284,US,mobile,1,1,0
678.7359899686973,deposit,52,5,UK,tablet,0,1,0
153.62555480356147,withdrawal,2490,145,Australia,mobile,1,1,0
3778.1349058113587,deposit,1083,101,US,desktop,1,1,0
3105.3446612537887,transfer,1860,164,UK,desktop,0,0,0
3523.358042815126,transfer,2185,374,US,desktop,1,1,0
1072.6911659294647,deposit,1334,147,India,mobile,1,1,0
690.4936631779811,deposit,1164,64,UK,tablet,1,0,0
82.57788168273082,payment,2213,91,US,tablet,0,0,0
1759.431918444919,transfer,391,117,US,desktop,0,0,0
2953.689257404619,deposit,2206,354,US,tablet,0,1,0
1967.2977850476643,deposit,1929,267,UK,desktop,1,1,0
2192.999860898408,transfer,1314,310,Canada,mobile,0,1,0
4521.751885523805,deposit,544,173,UK,desktop,1,1,0
1747.7947804462688,payment,478,47,Australia,mobile,0,1,0
2574.807550907456,transfer,1953,140,UK,desktop,1,1,0
3920.428533578304,payment,1536,246,US,tablet,0,0,0
1988.748483783138,payment,1277,149,India,tablet,0,0,0
3114.2126341370886,payment,1885,246,UK,desktop,1,1,0
4313.1949066462585,payment,903,395,UK,tablet,0,1,0
4748.107912051634,transfer,2550,487,US,tablet,1,1,0
743.8966698358993,payment,1458,476,India,tablet,0,1,0
4633.672249555857,payment,2379,5,India,mobile,0,1,0
2465.6603024668957,deposit,2308,465,Australia,tablet,1,0,0
1298.6394976118022,transfer,1784,184,UK,mobile,1,0,0
2301.0874236289237,transfer,952,20,India,desktop,1,1,0
4900.36255067453,withdrawal,2189,425,India,tablet,0,0,0
2468.1642890244193,transfer,1066,46,Canada,tablet,1,1,0
1650.470535334666,transfer,1446,12,Canada,tablet,0,1,0
3170.6702630404616,withdrawal,2577,70,India,desktop,1,1,0
1208.3266377031835,transfer,2675,17,Australia,mobile,1,0,0
388.55800726223293,transfer,2311,371,India,mobile,1,0,0
653.1098123341396,transfer,2679,147,US,tablet,1,1,0
648.9487363992845,transfer,343,154,UK,desktop,1,0,0
767.9944406263488,withdrawal,2643,304,Australia,desktop,1,0,0
702.7475915205566,transfer,2286,108,US,desktop,0,1,0
3207.964976568041,transfer,2027,236,Australia,desktop,1,0,0
917.5816211517326,withdrawal,1067,308,US,desktop,0,0,0
1734.8797437860774,deposit,1686,352,UK,mobile,1,1,0
4484.974165430999,payment,2664,70,UK,mobile,1,1,1
2375.068584911733,deposit,1808,183,Canada,mobile,1,0,0
3341.1131152199255,withdrawal,1044,250,US,tablet,0,1,0
869.8761572961329,payment,1123,228,Canada,desktop,0,0,0
969.5222038552672,withdrawal,1154,102,US,tablet,1,1,0
213.93439516972953,withdrawal,727,75,Canada,desktop,0,1,0
852.985964730101,transfer,2209,417,UK,mobile,1,1,0
1400.1657917694736,payment,1434,446,Australia,tablet,1,1,0
893.2823165409666,transfer,1185,216,Canada,mobile,0,0,0
452.6256434477075,payment,1073,407,US,desktop,0,1,0
611.9729967919981,withdrawal,1959,399,US,desktop,0,1,0
2309.286052483302,withdrawal,2613,411,UK,desktop,0,1,0
1039.6052548449047,deposit,1043,203,US,mobile,1,0,0
1827.7066066298964,payment,256,192,India,desktop,0,0,0
2522.0521815657357,transfer,1858,249,Australia,mobile,0,1,0
3455.070194860533,deposit,1522,499,Canada,tablet,1,1,0
206.1675778070837,deposit,851,242,Australia,desktop,0,1,0
3999.057890556123,deposit,2053,465,UK,desktop,0,1,1
3143.2229435596296,transfer,900,179,Canada,desktop,0,1,0
417.9775694248708,deposit,2482,437,Canada,tablet,0,1,0
4369.157334292819,transfer,2279,462,India,desktop,1,0,0
4605.153278653748,deposit,2115,219,UK,mobile,1,1,0
314.7790196757701,transfer,1825,82,US,mobile,0,1,0
1391.6194642545465,withdrawal,217,92,India,desktop,0,1,0
4032.9443861673763,withdrawal,1110,435,India,desktop,1,1,0
3743.8158550144553,withdrawal,970,175,Australia,tablet,0,1,0
930.7598865883228,withdrawal,2350,239,Australia,tablet,0,1,0
1054.6531234501845,withdrawal,2660,260,Australia,tablet,0,0,0
1858.655792928996,deposit,2593,391,India,desktop,0,0,0
2427.7696961031966,deposit,555,365,US,tablet,0,0,0
3095.091309936177,deposit,365,163,Canada,tablet,0,0,0
1850.8790614531642,transfer,2775,48,Australia,mobile,0,0,0
2318.048233504408,transfer,1108,329,US,tablet,0,0,0
3739.879981287445,transfer,2577,328,UK,mobile,0,1,1
193.0491824240835,transfer,2977,116,Australia,mobile,1,1,0
1269.6603522766636,withdrawal,2843,429,Canada,tablet,1,1,0
3569.6144335639165,withdrawal,2613,337,UK,mobile,1,1,0
4477.0821200591245,withdrawal,191,337,UK,desktop,0,1,0
2563.270436157174,payment,623,369,Canada,desktop,0,1,0
2665.2462914739253,deposit,1968,225,Australia,tablet,1,0,0
544.7883365854825,transfer,2236,352,India,desktop,0,1,0
2242.5877104490387,transfer,89,328,Canada,mobile,1,0,0
2667.7601596105656,withdrawal,2992,147,Canada,desktop,0,0,0
1219.927813137301,transfer,1931,63,Canada,tablet,1,1,0
1353.523722437411,transfer,2288,294,UK,tablet,1,1,0
1892.647973892067,deposit,435,323,US,mobile,1,1,0
110.15527691085458,withdrawal,693,443,India,tablet,0,1,0
1617.1750362600596,deposit,1162,325,Australia,desktop,1,1,0
1065.1255549127577,payment,1129,13,Australia,tablet,0,1,0
1644.2117873677942,payment,571,431,US,mobile,0,1,0
607.6130377780636,payment,1367,494,Canada,tablet,0,0,0
4453.731130892076,withdrawal,1027,189,India,desktop,0,1,0
2972.026343234703,transfer,1170,287,Australia,mobile,0,1,0
3398.720572531003,withdrawal,897,208,Australia,desktop,0,0,0
3947.964480650618,withdrawal,2096,114,Canada,mobile,0,1,0
2497.226572655996,transfer,461,480,US,tablet,1,1,0
443.73223755624423,deposit,769,22,India,mobile,1,0,0
2690.1616436745535,payment,1403,349,US,mobile,1,1,0
2938.337178924187,deposit,212,214,US,tablet,0,1,0
3729.7429761798066,payment,2190,171,India,desktop,0,1,0
2163.9811356861,withdrawal,1236,323,India,tablet,0,1,1
646.6257109498632,payment,2558,54,Australia,mobile,0,1,0
1426.041769935635,withdrawal,1199,394,Australia,tablet,1,1,0
1821.780659029189,deposit,860,298,India,mobile,0,0,0
3233.12703424469,withdrawal,1681,320,UK,tablet,1,1,0
2858.1837402978704,deposit,1166,126,Australia,tablet,0,1,0
1786.9226622302529,transfer,2840,277,UK,desktop,1,0,0
4932.711091476968,transfer,505,464,India,mobile,0,0,0
3032.8163485908667,transfer,2840,204,Australia,desktop,1,1,0
1193.7616907626125,withdrawal,1356,194,US,mobile,0,0,0
517.8945383758146,transfer,1000,169,India,tablet,1,1,0
772.7671045298168,payment,1049,152,Canada,mobile,0,1,0
1237.3290646386956,deposit,1171,35,UK,desktop,1,0,0
811.8000525651828,deposit,1866,184,India,desktop,1,1,0
940.9694500160158,payment,190,286,India,desktop,0,1,0
1432.624891782297,withdrawal,2478,57,Australia,mobile,1,0,0
875.1342405208266,withdrawal,227,222,Australia,desktop,0,0,0
4484.859468885861,deposit,1313,303,Australia,desktop,0,0,0
410.36639085159464,transfer,689,163,Canada,desktop,0,0,0
2627.311833955571,withdrawal,1805,19,Australia,tablet,1,1,0
2057.880166678411,withdrawal,1100,370,India,tablet,1,0,0
4912.0692983739455,payment,2040,264,Australia,mobile,0,0,0
569.0741218185813,payment,428,282,US,mobile,0,0,0
1995.2994392382507,transfer,1763,113,Australia,desktop,1,0,0
4847.657462044091,withdrawal,1612,488,Canada,tablet,1,0,0
4328.880558210962,withdrawal,2155,327,US,desktop,1,1,0
4087.1896340369067,payment,2201,30,India,desktop,0,0,0
1296.9351069542497,withdrawal,104,135,India,tablet,0,1,1
862.7290610764285,deposit,2214,67,UK,tablet,0,0,0
3346.5296674229107,payment,631,65,US,tablet,0,0,0
4647.586185746653,transfer,866,292,UK,mobile,0,0,0
2788.2468361395095,payment,1558,25,US,mobile,1,0,0
2862.3473204548004,withdrawal,529,37,US,desktop,0,0,0
1407.0956773648181,transfer,1626,1,Canada,mobile,1,0,0
3849.7697366277653,payment,167,399,UK,tablet,1,0,0
943.3483053020416,deposit,2127,37,Canada,tablet,0,0,0
1625.159389657176,deposit,1824,141,US,mobile,1,1,0
2132.9278286959197,payment,1002,232,India,desktop,0,0,0
2542.9757896354304,deposit,1672,136,US,desktop,1,1,0
1219.6245647512503,deposit,1915,389,Canada,mobile,0,0,0
583.0357554486257,deposit,2331,188,UK,desktop,0,1,0
3056.994011783747,transfer,2058,128,UK,desktop,1,0,0
1450.2664606688763,deposit,2787,201,Canada,desktop,0,0,0
2910.378724898835,deposit,1930,127,UK,tablet,1,0,0
780.2699492182695,deposit,2640,257,Australia,tablet,0,1,1
2410.889108255539,transfer,2834,164,India,mobile,0,1,0
2667.6212684324137,payment,1479,35,India,tablet,0,1,0
268.5994487439103,withdrawal,576,194,India,desktop,1,1,0
1689.6553481876638,deposit,951,191,UK,tablet,1,0,0
680.7292379254815,payment,610,104,UK,mobile,0,0,0
326.24110265911105,deposit,1402,23,US,tablet,1,0,0
4949.901559625827,transfer,1986,265,US,desktop,0,1,0
1618.5456864238677,payment,2033,290,India,desktop,1,0,0
4051.273484814628,transfer,2126,430,Australia,mobile,1,1,0
1280.6568672711817,deposit,2994,462,US,tablet,0,1,0
3410.698583897407,deposit,733,384,US,tablet,0,1,0
3803.537020849536,transfer,2338,260,UK,tablet,0,1,0
2982.2373156331428,withdrawal,2433,414,Australia,desktop,0,1,0
2363.1651808652905,transfer,1655,479,India,mobile,0,0,0
2065.08616159487,deposit,667,358,US,tablet,1,1,0
1750.8526500495466,transfer,2820,75,Australia,desktop,1,1,0
4648.350429796651,withdrawal,1039,355,Australia,desktop,0,0,0
4154.790844860769,transfer,670,72,India,desktop,0,1,0
4825.484284225898,withdrawal,2869,259,Australia,tablet,0,1,0
630.2431451928682,withdrawal,2689,398,Australia,tablet,1,0,0
3657.0287012661847,transfer,1891,188,Australia,tablet,0,0,0
4692.318879536979,transfer,2886,461,US,tablet,0,0,0
914.3530001666442,payment,1235,173,India,tablet,1,1,0
341.8163741602197,deposit,715,480,Australia,tablet,1,0,0
3708.1920399573946,withdrawal,1881,290,Australia,tablet,1,0,0
2876.6208347677602,payment,217,45,US,tablet,1,0,0
4210.725596023777,transfer,1649,61,India,tablet,0,1,0
707.4641593651846,deposit,1717,83,UK,desktop,1,0,0
3978.383886180852,payment,1014,123,US,tablet,1,1,0
1016.1203270382453,withdrawal,577,358,India,mobile,0,1,0
826.6431548998655,payment,2802,16,Australia,desktop,0,0,0
829.6863316756547,withdrawal,1461,66,India,tablet,0,1,0
4074.727853954597,transfer,905,424,India,mobile,1,1,0
3329.3341312740386,deposit,647,145,India,tablet,0,0,0
2620.0964695979055,deposit,2491,375,UK,mobile,1,1,0
1800.5641157762775,deposit,1395,162,India,mobile,1,0,0
4387.23069865741,transfer,1273,234,UK,mobile,1,1,0
1968.3010860389506,withdrawal,932,380,Australia,mobile,0,1,0
4084.8312029631697,transfer,192,144,UK,desktop,1,0,0
2201.28319376539,deposit,2004,358,Australia,desktop,0,0,0
1890.952702830289,transfer,299,188,Australia,mobile,0,1,0
2318.772130491336,transfer,661,322,UK,tablet,0,1,0
1513.875592079069,transfer,935,450,US,mobile,1,0,0
3740.570807079493,withdrawal,2044,474,Canada,desktop,1,1,0
2518.574746561471,payment,1671,13,India,tablet,1,1,0
1168.7413487826184,payment,234,184,Canada,desktop,0,1,0
4498.877120640097,transfer,611,111,India,desktop,1,1,0
1925.617194652325,payment,1609,415,India,tablet,1,0,0
2722.3287769588032,payment,870,290,Australia,mobile,1,0,0
4533.295833713089,transfer,1866,295,India,mobile,1,0,0
3124.9475996108204,transfer,1281,451,India,mobile,1,0,0
593.3212231347367,deposit,1749,392,UK,mobile,0,0,0
4699.762296831241,payment,1672,215,Canada,tablet,0,0,0
3142.263184826375,withdrawal,2673,462,UK,tablet,0,1,0
1681.1790171388598,transfer,2327,120,India,tablet,0,0,1
704.9676425903024,deposit,904,382,Australia,desktop,1,1,1
3972.185694458777,withdrawal,1494,55,UK,tablet,0,1,0
3104.1630520832823,payment,2273,27,UK,mobile,1,1,0
2671.9708489618442,deposit,719,118,US,desktop,0,0,1
4470.523989424279,transfer,2040,221,India,mobile,0,1,0
3945.1000840104084,withdrawal,2716,231,Australia,mobile,0,0,0
766.8576498664283,transfer,1452,53,UK,tablet,1,1,0
1565.4931182997857,payment,2031,295,UK,tablet,1,1,0
1249.960807674184,withdrawal,701,321,Australia,mobile,0,0,0
3722.291999937658,payment,1201,401,India,mobile,1,1,0
177.3268493315391,payment,1525,233,US,desktop,0,1,0
2853.7495275078695,deposit,973,158,UK,tablet,0,1,0
3814.668841846046,transfer,2276,437,US,desktop,0,1,1
4385.06052744113,withdrawal,1479,269,Canada,desktop,1,0,0
1716.9879260923783,payment,2569,21,India,desktop,0,1,0
4108.0739503133445,payment,925,403,Canada,mobile,0,1,0
562.0523674064841,withdrawal,2219,53,Canada,desktop,0,0,0
4233.796935755246,payment,1366,275,Canada,desktop,1,1,0
646.1684250365922,deposit,194,313,India,mobile,0,1,0
1992.4635798962327,deposit,2391,281,India,tablet,1,1,0
3988.503875239973,deposit,2098,214,Australia,tablet,0,1,0
758.0879624703812,deposit,1135,31,US,desktop,1,0,0
1153.964462210881,payment,1783,337,US,mobile,0,1,0
3614.040316281401,withdrawal,2382,183,Australia,tablet,0,0,0
3602.982317364911,withdrawal,1968,23,Australia,desktop,1,1,1
3209.3266880976335,withdrawal,400,32,Canada,desktop,1,1,0
3472.802737890829,withdrawal,1910,446,Australia,mobile,0,1,0
2718.194972304505,transfer,882,74,UK,desktop,1,0,1
1266.4773039456943,withdrawal,413,10,US,tablet,0,1,0
1735.023007584558,transfer,1961,484,Australia,mobile,0,1,0
916.1726068391141,transfer,2522,456,UK,tablet,0,0,0
4543.168301054806,deposit,454,54,UK,tablet,1,0,0
2921.125055882941,transfer,2238,52,UK,tablet,0,0,0
2010.248569650563,payment,658,148,UK,desktop,1,0,0
2315.408960184222,transfer,924,160,Canada,desktop,0,1,0
4736.943864662959,deposit,2567,370,UK,tablet,1,1,0
775.2235015492402,transfer,2404,14,Canada,tablet,1,1,0
2935.2868617638183,payment,627,178,Canada,mobile,0,1,0
2534.384507633485,payment,2366,412,UK,mobile,1,0,0
3061.1566348188926,payment,622,366,US,desktop,0,1,0
100.36981726599414,deposit,1717,53,UK,desktop,0,1,0
4361.898305631315,deposit,602,408,UK,mobile,0,1,0
4661.270229593226,withdrawal,2105,335,UK,tablet,0,1,0
2830.014586110153,deposit,2120,22,US,desktop,0,0,0
3486.287611145692,payment,1734,30,India,tablet,1,1,0
4613.271912074705,payment,2500,191,India,mobile,0,1,0
3539.120785223859,deposit,206,260,Canada,desktop,1,1,0
771.1698241421641,transfer,558,205,Canada,desktop,1,0,0
2885.678917232398,deposit,1663,59,US,mobile,0,0,0
3037.508081450451,deposit,995,471,Australia,desktop,1,1,1
2126.412049798906,payment,1547,264,India,mobile,0,1,0
3684.856735767367,withdrawal,227,466,Canada,desktop,1,1,0
4672.491403697384,payment,2687,12,India,mobile,1,0,0
4628.586879404814,withdrawal,2919,119,US,desktop,1,1,0
2259.6884633066193,payment,882,415,US,tablet,0,1,0
575.0578487453687,deposit,1567,462,Australia,tablet,1,1,1
4924.357582822049,payment,2099,290,Australia,tablet,0,0,0
4196.101451365211,payment,1110,338,US,desktop,1,1,0
632.0667792043016,payment,2919,248,Canada,desktop,1,1,1
4605.000994260688,deposit,127,354,India,tablet,1,0,0
4350.78284669002,deposit,1933,127,UK,tablet,1,0,0
2599.0019050591,deposit,464,75,Australia,mobile,0,1,0
2960.464424367197,deposit,666,361,UK,mobile,0,0,0
2001.02349231195,withdrawal,617,204,Canada,mobile,1,1,0
283.26057772193633,withdrawal,373,49,Australia,tablet,1,0,0
1682.6342358130455,transfer,1347,79,UK,tablet,0,0,0
4016.2387085040773,deposit,2009,441,Canada,tablet,0,1,0
33.113794792968264,withdrawal,600,479,India,mobile,0,1,1
1674.1608667388095,payment,640,241,Canada,desktop,0,1,0
1996.861781018807,deposit,1757,349,Australia,tablet,1,0,0
2691.6040586602353,transfer,2320,154,US,desktop,1,1,0
4600.079525899675,transfer,1884,274,India,desktop,0,1,0
1738.2665118861466,transfer,2638,96,UK,desktop,0,1,0
1741.2964774621762,payment,989,214,Australia,mobile,0,1,0
3690.1312280676443,withdrawal,2109,294,US,desktop,0,1,0
2266.5675250401378,payment,2468,209,Canada,tablet,0,0,0
1130.7780664705099,deposit,2354,343,US,mobile,0,1,0
2267.67318550214,transfer,561,88,Australia,tablet,1,1,0
712.8765316952013,payment,1207,306,Australia,tablet,1,0,0
890.1710626660544,payment,2460,264,US,mobile,1,1,0
2496.8551859700037,withdrawal,1121,425,Canada,tablet,0,1,0
2100.437993027694,withdrawal,1931,390,US,tablet,0,1,0
4575.081046329819,transfer,913,325,Australia,mobile,0,1,0
1818.3455565919992,payment,2291,428,Australia,tablet,1,1,0
2907.1358678874367,payment,1708,377,UK,desktop,0,0,0
3164.9987967184566,withdrawal,2453,320,UK,tablet,0,0,0
75.34133837578484,payment,2821,157,India,desktop,1,0,0
3321.0514863633857,payment,2290,156,Australia,tablet,0,1,0
898.3994746800596,payment,2156,139,UK,mobile,1,0,0
4805.740884172581,withdrawal,1779,121,US,mobile,1,1,0
751.8270114880337,transfer,2705,65,Canada,tablet,0,1,0
2078.9743773978485,deposit,2681,107,US,mobile,1,1,0
435.8948437124329,transfer,811,147,Canada,tablet,0,0,0
4984.402516711278,deposit,2757,137,UK,mobile,1,0,0
2515.9531015529005,payment,2135,411,India,desktop,0,0,0
2980.9712364270185,transfer,910,162,US,tablet,1,1,0
344.71162216825314,deposit,476,428,US,desktop,0,0,0
3752.302747291897,withdrawal,2143,452,US,desktop,1,1,0
1057.428909546973,withdrawal,1813,100,Canada,tablet,1,0,0
4491.290904309161,transfer,1307,338,UK,desktop,1,0,1
1033.6468060052157,transfer,2021,399,US,tablet,0,1,0
961.5317261116962,payment,1097,307,US,desktop,0,1,0
192.38284256199344,transfer,1607,141,India,tablet,1,0,0
2365.614056098896,payment,1041,83,India,tablet,0,0,0
2828.557254980456,payment,2304,177,UK,mobile,1,0,0
337.8861107474783,withdrawal,803,198,UK,tablet,0,1,0
3879.8828073081027,withdrawal,2756,112,Australia,tablet,1,1,0
2271.9112853926576,deposit,1844,56,India,desktop,0,0,1
2626.707443944624,withdrawal,2678,460,Australia,tablet,1,0,0
2209.4061072217582,withdrawal,2456,179,Canada,mobile,1,1,0
2009.8076737678766,transfer,1231,421,Australia,desktop,1,0,0
2802.6052532280073,withdrawal,1480,401,US,desktop,1,1,0
784.6488271942554,deposit,2786,186,Australia,mobile,0,1,0
917.8213711714029,transfer,336,471,UK,desktop,1,1,0
4310.310248857451,deposit,808,218,Canada,desktop,0,1,0
4731.116156046827,withdrawal,2581,413,US,desktop,0,1,0
1872.8134882359673,deposit,2345,417,Australia,desktop,1,1,0
1361.0159189863334,transfer,37,316,Canada,mobile,0,0,0
3223.557720762689,payment,2585,475,Canada,mobile,0,1,0
2049.583513779501,deposit,505,217,US,desktop,0,1,0
136.67791474512086,deposit,1350,120,Australia,desktop,1,0,0
789.2014608572899,transfer,2241,439,Canada,mobile,0,1,0
3582.7014219485136,transfer,514,394,Canada,mobile,0,0,0
3298.0304701316554,deposit,2644,175,India,mobile,1,1,0
145.2090025923826,withdrawal,934,23,Canada,desktop,1,0,0
1117.6410880454177,deposit,588,213,India,desktop,0,0,0
1163.0632349744762,transfer,1997,405,Australia,tablet,1,1,0
3362.7447905576546,payment,2315,235,Australia,mobile,0,1,0
108.35558339427713,payment,1157,13,Australia,desktop,0,1,0
529.5018241030235,withdrawal,1263,101,UK,mobile,0,1,0
4001.581266012215,deposit,2631,417,Australia,desktop,1,0,0
900.9378636511248,payment,2905,24,Canada,mobile,0,0,0
3267.203078180855,deposit,497,364,US,desktop,1,0,0
1198.5320774231654,transfer,2463,11,India,tablet,1,1,0
506.2125498691324,payment,2852,273,UK,tablet,0,0,0
1223.4292330872759,withdrawal,877,452,Australia,mobile,1,1,0
3614.1119899597393,transfer,2464,431,Australia,desktop,1,1,0
4279.9253758503655,withdrawal,2954,281,US,desktop,1,0,0
4152.797124189288,transfer,288,94,US,mobile,1,1,0
1991.9458127960895,payment,312,201,UK,desktop,1,0,0
3343.744831487524,withdrawal,1679,21,India,mobile,0,1,0
1032.8716341249467,withdrawal,1928,340,Australia,desktop,1,0,0
1472.8071740024561,transfer,69,467,UK,mobile,0,1,0
4482.715734420388,withdrawal,2563,211,Canada,desktop,0,0,0
74.87959831857282,transfer,2297,140,Canada,mobile,0,0,0
436.68756896379574,transfer,1044,293,UK,desktop,0,1,1
1047.3524131786764,transfer,642,298,Australia,tablet,0,1,0
142.39569733036038,transfer,1945,401,UK,desktop,0,0,0
915.3628210980886,payment,717,101,Australia,mobile,1,1,0
2919.377389238764,transfer,642,304,US,tablet,1,1,0
2112.9085074565646,deposit,2337,359,UK,desktop,1,1,0
4464.431838274105,withdrawal,2443,28,Australia,tablet,0,0,0
4089.04337307482,deposit,1811,41,UK,desktop,1,0,0
1715.668584972401,payment,1840,355,UK,tablet,1,1,0
1304.5229328221494,deposit,2621,303,Australia,mobile,1,1,0
1904.6651167546618,withdrawal,2726,496,Australia,desktop,0,0,0
2955.5717631488906,deposit,1577,146,India,desktop,1,1,0
1347.6375677061526,payment,1960,256,UK,mobile,0,0,0
3124.5030501671786,transfer,2891,462,Canada,tablet,1,1,0
2052.9641444342897,deposit,1182,227,UK,mobile,0,1,0
2764.7154324513813,payment,604,236,UK,mobile,0,1,0
2186.2713803852303,payment,1940,361,Australia,tablet,0,0,0
1479.3841401141692,withdrawal,1042,380,UK,mobile,1,0,0
4742.782001741162,withdrawal,699,455,UK,desktop,1,0,0
3820.3929128572063,deposit,298,489,Canada,desktop,0,0,0
709.1647470745982,transfer,1313,13,Australia,desktop,1,1,0
4343.655199730585,payment,953,210,UK,mobile,0,1,0
2442.281679265073,deposit,1155,229,US,desktop,0,0,0
4473.815612201516,payment,1559,397,India,desktop,1,1,0
4001.277727177103,payment,1788,100,Canada,desktop,1,1,0
2131.815387301475,transfer,1624,31,UK,desktop,1,0,0
122.12184851738581,transfer,276,386,US,desktop,0,1,0
1350.7000233308809,deposit,1590,16,UK,desktop,0,1,0
2712.754731157726,transfer,2208,137,UK,mobile,1,0,0
3171.056316932475,transfer,2430,329,Australia,desktop,0,1,0
1296.8595503116794,deposit,2273,166,Australia,desktop,1,1,0
705.3868096233924,transfer,1969,459,Australia,tablet,0,1,0
4176.301881628503,withdrawal,959,310,US,mobile,1,0,0
4922.166881710725,payment,2722,440,UK,mobile,1,0,0
2633.1940096904023,payment,256,470,India,mobile,0,1,0
866.6796363830344,payment,2778,481,Canada,mobile,1,1,0
1368.813559331651,payment,294,100,Australia,desktop,1,1,0
101.769475971859,deposit,1425,109,Australia,desktop,0,0,0
4572.35104473689,payment,1487,343,UK,tablet,1,0,0
597.5779036218042,payment,675,173,UK,tablet,0,0,0
2886.8172128161254,payment,2288,237,US,mobile,1,1,0
1377.535551229158,payment,1448,162,US,tablet,0,1,0
2775.3482325538093,withdrawal,1503,393,Australia,tablet,1,1,0
3260.5877378758023,payment,1417,216,UK,mobile,1,1,0
4150.411600498936,withdrawal,1929,264,India,mobile,1,1,0
1040.04214608541,deposit,2534,263,Canada,tablet,1,0,0
64.86918500581758,transfer,2802,292,UK,desktop,0,1,0
693.0592940433482,payment,1279,274,UK,tablet,0,1,0
4501.093022822044,transfer,1011,3,US,tablet,0,1,0
4370.711487036951,transfer,1184,28,Canada,desktop,0,0,0
2991.0913798298384,deposit,617,326,Australia,desktop,0,1,0
3006.5791335639306,transfer,505,492,UK,mobile,0,0,0
3328.5330059858147,withdrawal,1851,428,Australia,mobile,0,0,0
885.1026803310134,transfer,1015,149,UK,tablet,1,0,0
4572.915610165549,transfer,2233,28,Australia,desktop,1,0,0
2099.664919211445,transfer,1271,488,Canada,mobile,1,0,0
1921.8612559649923,payment,219,310,US,tablet,1,1,0
2599.3993493613593,payment,1470,438,Canada,desktop,0,1,0
244.36017420752466,withdrawal,1010,65,India,tablet,0,0,0
839.7540100928362,withdrawal,1728,356,US,mobile,0,0,0
3692.7877459675883,payment,1745,21,Canada,mobile,1,0,0
423.16535294638106,withdrawal,2623,252,India,desktop,0,1,0
3019.729026237277,payment,70,235,UK,tablet,1,1,0
1234.2920573097915,deposit,2384,227,UK,desktop,0,0,0
1952.5851140694629,transfer,972,13,Australia,mobile,0,1,0
1450.5817464857923,transfer,367,313,US,mobile,0,1,0
1784.8068551600961,withdrawal,1367,49,UK,tablet,0,0,0
3598.039066869385,payment,1128,118,US,tablet,1,0,0
1492.6373609596433,payment,2356,54,UK,tablet,1,1,0
2836.3591550815167,withdrawal,925,138,Australia,desktop,0,1,0
2385.4915069735075,payment,2350,53,Canada,tablet,1,1,0
3321.7191151596144,deposit,2914,44,Australia,tablet,0,0,0
4684.780399230543,transfer,2697,303,India,mobile,0,0,0
3665.534765079149,withdrawal,1704,53,UK,mobile,0,0,1
1082.5524891678763,withdrawal,2939,74,India,tablet,0,1,0
165.6038439558105,payment,960,46,India,tablet,1,1,0
1318.697581056127,withdrawal,318,13,US,mobile,0,0,0
2979.4388741942716,deposit,753,165,UK,tablet,0,1,0
266.61480928640924,payment,2970,102,India,desktop,1,0,0
2486.8675735341694,payment,2349,280,Canada,desktop,0,1,0
2988.245816095277,payment,1983,258,India,desktop,1,0,1
1677.8770151766346,payment,1119,470,Canada,tablet,0,1,0
3856.8518966916513,deposit,512,337,US,mobile,0,1,0
541.9252831375213,payment,965,356,India,tablet,0,0,0
384.93753086168573,withdrawal,2325,398,Australia,tablet,0,0,0
3643.6618934559806,deposit,185,138,US,mobile,0,0,0
2482.5016678689303,transfer,1100,163,Canada,mobile,0,0,0
3445.127958174403,transfer,1988,409,US,mobile,1,0,0
2179.7884196326936,withdrawal,2531,387,India,desktop,0,1,0
1239.546145863143,withdrawal,2278,111,UK,tablet,1,0,1
4097.320565194257,deposit,1713,102,UK,mobile,1,0,0
3999.0852360552067,transfer,153,17,Canada,tablet,0,0,0
3476.5353895635894,transfer,2078,268,Canada,desktop,1,0,0
1368.0042347775138,transfer,997,182,UK,desktop,0,0,0
2955.251027676745,transfer,884,372,Canada,mobile,1,1,0
1811.2597457307338,transfer,669,24,US,mobile,0,0,0
466.99454589990444,payment,2268,29,Australia,tablet,1,0,0
4587.394741556592,withdrawal,1632,171,Australia,mobile,1,0,0
692.7249682856174,payment,2593,409,US,tablet,0,1,0
4751.684395565804,transfer,471,228,Australia,mobile,1,1,0
2235.568807060199,deposit,1974,378,India,tablet,0,0,0
